<settings xmlns="http://maven.apache.org/SETTINGS/1.0.0"
	xmlns:xsi="http://www.w3.org/2001/XMLSchema-instance"
	xsi:schemaLocation="http://maven.apache.org/SETTINGS/1.0.0 http://maven.apache.org/xsd/settings-1.0.0.xsd">
	<profiles>
		<profile>
			<id>snapshot</id>
			<repositories>
				<repository>
					<id>spring-ext</id>
					<url>http://repo.spring.io/ext-release-local/</url>
					<releases>
						<enabled>true</enabled>
					</releases>
					<snapshots>
						<enabled>false</enabled>
					</snapshots>
				</repository>
				<repository>
					<id>spring-milestones</id>
					<name>Spring Milestones</name>
					<url>http://repo.spring.io/milestone</url>
					<snapshots>
						<enabled>false</enabled>
					</snapshots>
				</repository>
				<repository>
					<id>spring-snapshots</id>
					<name>Spring Snapshots</name>
					<url>http://repo.spring.io/snapshot</url>
					<snapshots>
						<enabled>true</enabled>
					</snapshots>
				</repository>
				<repository>
					<id>jboss</id>
					<url>https://repository.jboss.org/nexus/content/groups/public/</url>
					<releases>
						<enabled>true</enabled>
					</releases>
					<snapshots>
						<enabled>false</enabled>
					</snapshots>
				</repository>
			</repositories>
			<pluginRepositories>
				<pluginRepository>
					<id>spring-milestones</id>
					<name>Spring Milestones</name>
					<url>http://repo.spring.io/milestone</url>
					<snapshots>
						<enabled>false</enabled>
					</snapshots>
				</pluginRepository>
				<pluginRepository>
					<id>spring-snapshots</id>
					<name>Spring Snapshots</name>
					<url>http://repo.spring.io/snapshot</url>
					<snapshots>
						<enabled>true</enabled>
					</snapshots>
				</pluginRepository>
			</pluginRepositories>
		</profile>
		<profile>
			<id>milestone</id>
			<repositories>
				<repository>
					<id>spring-ext</id>
					<url>http://repo.spring.io/ext-release-local/</url>
					<releases>
						<enabled>true</enabled>
					</releases>
					<snapshots>
						<enabled>false</enabled>
					</snapshots>
				</repository>
				<repository>
					<id>jboss</id>
					<url>https://repository.jboss.org/nexus/content/groups/public/</url>
					<releases>
						<enabled>true</enabled>
					</releases>
					<snapshots>
						<enabled>false</enabled>
					</snapshots>
				</repository>
				<repository>
					<id>spring-milestones</id>
					<name>Spring Milestones</name>
					<url>http://repo.spring.io/milestone</url>
					<snapshots>
						<enabled>false</enabled>
					</snapshots>
				</repository>
			</repositories>
			<pluginRepositories>
				<pluginRepository>
					<id>spring-milestones</id>
					<name>Spring Milestones</name>
					<url>http://repo.spring.io/snapshot</url>
					<snapshots>
						<enabled>false</enabled>
					</snapshots>
				</pluginRepository>
			</pluginRepositories>
		</profile>
		<profile>
			<id>release</id>
			<repositories>
				<repository>
					<id>spring-ext</id>
					<url>http://repo.spring.io/ext-release-local/</url>
					<releases>
						<enabled>true</enabled>
					</releases>
					<snapshots>
						<enabled>false</enabled>
					</snapshots>
				</repository>
				<repository>
					<id>jboss</id>
					<url>https://repository.jboss.org/nexus/content/groups/public/</url>
					<releases>
						<enabled>true</enabled>
					</releases>
					<snapshots>
						<enabled>false</enabled>
					</snapshots>
				</repository>
			</repositories>
		</profile>
	</profiles>
	<activeProfiles>
		<activeProfile>@profile@</activeProfile>
	</activeProfiles>
</settings>
